Direccion,Barrio,Latitud,Longitud,Tipo_vivienda,Dproymes,Localidad,Cod_proyecto,Proyecto
Cr. 92 # 149-30,Campiña,-74.084031789,4.744767632999981,No VIS,Abril,Suba,20275,Colinas de Suba
Cr. 7 # 126-30,Pinar de Santa Bárbara,-74.02802187499998,4.70164592499998,No VIS,Abril,Usaquén,30712,Reserva de la Sierra
Tv. 19A # 96-56,Chicó,-74.05372283700001,4.684059235999996,No VIS,Abril,Chapinero,30959,Oqyana
Av. Suba con 119,Córdoba,-74.06731719300001,4.706891700000028,No VIS,Abril,Suba,31238,Provenza Imperial
Cl. 94 # 21-59,Chicó,-74.05680000000001,4.681600000999992,No VIS,Abril,Chapinero,31422,Art 94
Cl. 140 # 20-35,Nueva Autopista,-74.04842990399999,4.723576288000004,No VIS,Abril,Usaquén,31428,Axxes 140
Cl. 133 # 19-59,Calleja,-74.04785259200003,4.716581559000019,No VIS,Abril,Usaquén,31451,Area 19
Cl. 92 # 14-23,Chicó,-74.05211965799998,4.675262345000022,No VIS,Abril,Chapinero,31486,Massilia
Cl. 88 # 13-25,Cabrera,-74.05249352599998,4.671882692999986,No VIS,Abril,Chapinero,31502,El Palco
Cr. 7 # 93-20,Chicó,-74.04277628300002,4.672594224000022,No VIS,Abril,Chapinero,31567,Vitrum
Cl. 139 # 96A-35,Suba,-74.09149982500003,4.738624416999983,No VIS,Abril,Suba,31588,Altos de San Jorge
Cl. 153 # 109B-18,Las Mercedes,-74.09460000000001,4.757499999999993,No VIS,Abril,Suba,31591,Bosque de Tulipanes
Cl. 121 # 3A-20,Pinar de Santa Bárbara,-74.02656373899998,4.694707497000024,No VIS,Abril,Usaquén,31613,Cerros de los Alpes III
Cr. 8 # 127A-01,Bella Suiza,-74.03230850199998,4.704517490000001,No VIS,Abril,Usaquén,31629,Parque BS
Dg. 72 # 1-52 Este,Rosales,-74.0507,4.653100000999984,No VIS,Abril,Chapinero,31635,Lumini
Tv. 5 # 86-91,Rosales,-74.045077348,4.666379317999997,No VIS,Abril,Chapinero,31651,Cenit de la Cabrera
Cl. 126D # 104-01,Corinto,-74.10236385500002,4.728369578000013,No VIS,Abril,Suba,31669,Mirador Corinto Reservado
Cr. 14A # 109-81,Santa Paula,-74.04329346899999,4.692775099000016,No VIS,Abril,Usaquén,31670,Jade Plus
Cl. 92 # 17-31,Chicó,-74.05432685900001,4.67652770799998,No VIS,Abril,Chapinero,31675,La Toscana
Cl. 85 # 7-16,Chicó,-74.04687568999998,4.665528699999982,No VIS,Abril,Chapinero,31679,Icon Cabrera
Cr. 16 # 93-21,Chicó,-74.05266608800002,4.677706435999994,No VIS,Abril,Chapinero,31680,Balcony 93-16
Cr. 17 # 93A-38,Chicó,-74.05260264600003,4.678591212000015,No VIS,Abril,Chapinero,31690,Orvieto
Cr. 14A # 127A-36,La Carolina,-74.04148676,4.706117703000018,No VIS,Abril,Usaquén,31702,Marankal
Cr. 13 # 119-71,Santa Bárbara,-74.04003187400002,4.699936650999973,No VIS,Abril,Usaquén,31711,Laya 119
Cl. 128B # 19-40,Calleja,-74.048292517,4.713369419000003,No VIS,Abril,Usaquén,31718,Saint Thomas
Cl. 105 # 19A-74,Chicó Navarra,-74.05304674199999,4.692611192000015,No VIS,Abril,Usaquén,31722,Platino Park 105
Cl. 97 # 21-23,Chicó,-74.05543589400003,4.683992236999984,No VIS,Abril,Chapinero,31730,Botanika Otium
Cl. 108 # 45A-51,Pasadena,-74.05673340999999,4.695272520999993,No VIS,Abril,Suba,31738,Akantos 108
Cr. 18 # 84-56,Antiguo Country,-74.05701765700002,4.670283797000025,No VIS,Abril,Chapinero,31748,Country 85
Cl. 88 # 7A-25,Cabrera,-74.04629997799998,4.668957825000007,No VIS,Abril,Chapinero,31749,88 x 8
Cr. 11BBis # 118-97,Santa Bárbara,-74.03755468999998,4.698092445999976,No VIS,Abril,Usaquén,31756,Lerén 118
Cr. 51 # 102A-64,Pasadena,-74.061820378,4.690875493000021,No VIS,Abril,Suba,31758,Fenicia Apartamentos
Cr. 23 # 103A-31,Chicó Navarra,-74.05329393,4.701725051999972,No VIS,Abril,Usaquén,31768,Mint 1
Cl. 121 # 47-56,El Batán,-74.057323392,4.702911546999985,No VIS,Abril,Suba,31769,Villa Pau III
Cr. 7C # 138-60,Belmira,-74.03096415599998,4.716630733999978,No VIS,Abril,Usaquén,31773,Altos de Belmira
Cr. 7 # 81-26,Cabrera,-74.048952026,4.662359444999993,No VIS,Abril,Chapinero,31776,Metropolitano
Cr. 9Bis # 97-20,Chicó,-74.04253080000001,4.678840939999986,No VIS,Abril,Chapinero,31778,Prato
Cr. 13A # 109-97,Santa Paula,-74.042187388,4.692166310000005,No VIS,Abril,Usaquén,31782,Aituria 109
Cl. 98 # 19A-21,Chicó,-74.05351792200003,4.684858626999983,No VIS,Abril,Chapinero,31783,Artek 98
Cl. 92 # 14-11,Chicó,-74.05189836400001,4.675246963000006,No VIS,Abril,Chapinero,31789,Novo 92
Cr. 7A # 122-09,Santa Bárbara,-74.03122214500002,4.698630008999999,No VIS,Abril,Usaquén,31790,Maralta
Dg. 76 # 1-45,Rosales,-74.05005931800002,4.655210821000026,No VIS,Abril,Chapinero,31791,Solhe
Cl. 114A # 15-63,Santa Bárbara,-74.04396651500002,4.695482202999983,No VIS,Abril,Usaquén,31795,Urban - Atenea
Cr. 15 # 127A-26,La Carolina,-74.04229718800002,4.707068255000024,No VIS,Abril,Usaquén,31797,Nou La Carolina
Cl. 134 # 19A-46,Nueva Autopista,-74.048549068,4.718698029999985,No VIS,Abril,Usaquén,31799,KD Essential
Cl. 92 # 16-30,Chicó,-74.05352566200003,4.676867496999989,No VIS,Abril,Chapinero,31803,Liquidambar
Cr. 1 Este # 76A-36,Rosales,-74.04797733200002,4.656177070000012,No VIS,Abril,Chapinero,31816,Balcony 76A
Cr. 11B # 98-36,Chicó,-74.04521980599998,4.681880749000015,No VIS,Abril,Chapinero,31826,Area 98
Cr. 18A # 134A-17,Contador,-74.04629378300001,4.719147652000004,No VIS,Abril,Usaquén,31827,Salvatore Apartamentos
Av. Cl. 145 # 119A-58,Córdoba,-74.07038009799999,4.707294733000026,No VIS,Abril,Suba,31831,Provenza Prestige
Cl. 92 # 7A-04,Chicó,-74.044309569,4.672009125999978,No VIS,Abril,Chapinero,31833,92 x 7
Cl. 105A # 14-76,Santa Paula,-74.04571773999999,4.689560848999974,No VIS,Abril,Usaquén,31835,Zarkis
Cl. 96 # 19A-80,Chicó,-74.05442057300002,4.683828769999991,No VIS,Abril,Chapinero,31841,Jai 96 Aptos
Cr. 23 # 137-04,Nueva Autopista,-74.05064883300003,4.72158542599999,No VIS,Abril,Usaquén,31842,Bella Terra
Cr. 50 # 106-69,Pasadena,-74.060708815,4.695854467000004,No VIS,Abril,Suba,31843,Pasadena 106
Cl. 95 # 21-80,Chicó,-74.05599583700001,4.683275250000008,No VIS,Abril,Chapinero,31846,Urban K
Av. Cr. 9 # 104-43,Santa Paula,-74.04383055800002,4.687818585999992,No VIS,Abril,Usaquén,31847,Davidia 104
Cr. 14 # 117-14,Santa Bárbara,-74.04051840900001,4.696824973999981,No VIS,Abril,Usaquén,31849,Sakura
Cr. 19A # 86A-16,Antiguo Country,-74.05720000000002,4.673000000000002,No VIS,Abril,Chapinero,31850,Kubik Virrey IV
Cr. 11 # 93A-38,Chicó,-74.04638827899998,4.676039292999974,No VIS,Abril,Chapinero,31851,Canvas
Cl. 153 # 103B-76,Suba Salitre,-74.09170752699998,4.754518436000012,No VIS,Abril,Suba,31854,Pinar Plaza
Cl. 101 # 16-47,San Patricio,-74.04956533000001,4.686275707999982,No VIS,Abril,Usaquén,31857,Equilibrium 101
Cr. 7 # 155-80,Barrancas,-74.02317999000002,4.730743548000021,No VIS,Abril,Usaquén,31860,North Point House
Cr. 20 # 120-50,Santa Bárbara,-74.05093305000003,4.701420385000006,No VIS,Abril,Usaquén,31861,Vìú Park
Cl. 134Bis # 17-62,Contador,-74.0453,4.718099999999993,No VIS,Abril,Usaquén,31862,Country 134
Cl. 102A # 46-12,Santa Margarita,-74.05844096599998,4.68958255199999,No VIS,Abril,Suba,31863,Rigel
Cl. 128 # 7E- 40,Bella Suiza,-74.0324,4.709799998999984,No VIS,Abril,Usaquén,31865,Catalonia en Bella Suiza
Cl. 104A # 47A-06,Santa Margarita,-74.05891270400002,4.692443942000011,No VIS,Abril,Suba,31866,Essena Park
Cr. 7ABis # 124-60,Santa Bárbara,-74.0299,4.700800000000015,No VIS,Abril,Usaquén,31870,Studio 124 Home Office
Cr. 7A # 130-47,Bella Suiza,-74.02943739599999,4.708942026999978,No VIS,Abril,Usaquén,31871,Orbba 130
Cl. 137B # 104-35,Suba Compartir,-74.099200231,4.740607405999981,No VIS,Abril,Suba,31873,Ikará
Cl. 80 # 7-29,Cabrera,-74.05009999999999,4.661999999999978,No VIS,Abril,Chapinero,31875,Neos Nogal
Cl. 108 # 17A-18,San Patricio,-74.04828396800002,4.693551821000028,No VIS,Abril,Usaquén,31877,Kausary
Cl. 134C # 12B-36,Lisboa,-74.04059266899998,4.716370520999988,No VIS,Abril,Usaquén,31879,Antique Reservado
Cr. 15A # 124-22,Santa Bárbara,-74.04347220099999,4.702368336000006,No VIS,Abril,Usaquén,31880,Buonvivere 124
Cr. 22 # 137-71,Nueva Autopista,-74.04939999999999,4.723300000999984,No VIS,Abril,Usaquén,31881,Area 137
Cr. 17A # 122-97,Santa Bárbara,-74.04632444100002,4.702280363,No VIS,Abril,Usaquén,31883,Venetto
Cr. 19 # 93-53,Chicó,-74.05470000000003,4.678699999999992,No VIS,Abril,Chapinero,31886,Macedonia
Cl. 108 # 17A-45,San Patricio,-74.048159151,4.693833720999976,No VIS,Abril,Usaquén,31889,108 Green Park
Cl. 134A # 10A-11,Lisboa,-74.03688133399999,4.716872505000026,No VIS,Abril,Usaquén,31894,Dika
Cr. 16 # 136-60,Contador,-74.04451821100002,4.718717242000025,No VIS,Abril,Usaquén,31895,Black 136
Cr. 19 # 85-53,Antiguo Country,-74.05721592700002,4.672008488000017,No VIS,Abril,Chapinero,31903,Balcony 85
Cl. 95 # 20-28,Chicó,-74.05491464300002,4.682454625999981,No VIS,Abril,Chapinero,31904,Casa Chicó
Cr. 21 # 118-34,Santa Bárbara,-74.05029848800001,4.700444711999978,No VIS,Abril,Usaquén,31907,Edificio Calabria
Cr. 19A # 134-55,Nueva Autopista,-74.04823807499997,4.718942081000023,No VIS,Abril,Usaquén,31909,Dual 134 House
Cr. 18 # 93A-18,Chicó,-74.05336500300001,4.678889163000008,No VIS,Abril,Chapinero,31911,Balcony 93-18
Cr. 19B # 85-63,Antiguo Country,-74.05822371699998,4.672614911999972,No VIS,Abril,Chapinero,31915,DC
Cl. 135C # 13-40,Lisboa,-74.04114434799999,4.718757738000022,No VIS,Abril,Usaquén,31917,Kauri 135
Tv. 5 # 87-42,Rosales,-74.04489999999998,4.667099999000016,No VIS,Abril,Chapinero,31922,Edificio Porta
Cl. 82 # 6-13,Rosales,-74.04840000000002,4.662399999999991,No VIS,Abril,Chapinero,31923,Antia
Cr. 7B # 146-20,Belmira,-74.02820000000003,4.722100001000001,No VIS,Abril,Usaquén,31924,Novo 146
Tv. 21 # 122-81,Santa Bárbara,-74.05160000000001,4.703800000000001,No VIS,Abril,Usaquén,31926,Balcones de Jericó
Cl. 131A # 19-49,Calleja,-74.04840000000002,4.715500001000009,No VIS,Abril,Usaquén,31927,Kioto
Cr. 23 # 103-87,Chicó Navarra,-74.055678516,4.69026359999998,No VIS,Abril,Usaquén,31929,Klee 103
Cl. 95 # 19A-09,Chicó,-74.053902591,4.682526134999989,No VIS,Abril,Chapinero,31935,Akai 95
Cl. 79B # 4-23,Nogal,-74.04857362299998,4.660627393000027,No VIS,Abril,Chapinero,31937,Serrania de los Nogales
Cl. 106 # 17-35,San Patricio,-74.04811858800002,4.692096232999972,No VIS,Abril,Usaquén,31938,Torre 106
Cr. 49B # 102A-37,Pasadena,-74.06329543999999,4.690877424999996,No VIS,Abril,Suba,31940,Torre de San Simon
Cl. 106 # 19A-89,Chicó Navarra,-74.053127975,4.693410621999988,No VIS,Abril,Usaquén,31942,Vasily 106
Cr. 19A # 106A-30,Chicó Navarra,-74.05130000000003,4.693899999999985,No VIS,Abril,Usaquén,31943,Edificio Domus
Cl. 145A # 16A-13,Cedritos,-74.043012664,4.727221735,No VIS,Abril,Usaquén,31944,Cedro Alto II
Cr. 16 # 143-85,Cedritos,-74.042179884,4.725551707000022,No VIS,Abril,Usaquén,31945,Via al Cedro V
Cl. 125 # 17A-03,Santa Bárbara,-74.04590000000002,4.703800000000001,No VIS,Abril,Usaquén,31946,Element 125
Cr. 20 # 137-68,Nueva Autopista,-74.04790000000003,4.723500000000001,No VIS,Abril,Usaquén,31948,Osahar II
Cr. 54 # 105-08,Puente Largo,-74.06324563499999,4.694123772000012,No VIS,Abril,Suba,31951,Nesoi
Cr. 10 # 134B-10,Lisboa,-74.03422649800001,4.714671806000013,No VIS,Abril,Usaquén,31952,Oporto Aptos
Av. Cr. 9 # 117A-21,Santa Bárbara,-74.03410000000002,4.695400000000006,No VIS,Abril,Usaquén,31954,Ipcua
Cr. 13A # 127-50,La Carolina,-74.03974844499999,4.705475884000009,No VIS,Abril,Usaquén,31955,Albatross
Cl. 124 # 18-43,Santa Bárbara,-74.04717345799997,4.703318287999991,No VIS,Abril,Usaquén,31956,De Cambil 124
Cl. 87 # 12-55,Cabrera,-74.05184000399998,4.671000787000025,No VIS,Abril,Chapinero,31957,Trento
Cl. 104 # 58A-22,Puente Largo,-74.06525278100003,4.691896677999978,No VIS,Abril,Suba,31958,La Palma
Cl. 121 # 45A-31,El Batán,-74.05602630099997,4.702347922999991,No VIS,Abril,Suba,31959,Protos
Cl. 118 # 21-05,Santa Bárbara,-74.05236921699998,4.699716377000016,No VIS,Abril,Usaquén,31960,Habitat 118
Cr. 20 # 127A-05,Calleja,-74.05058189300001,4.707938273000025,No VIS,Abril,Usaquén,31961,Maleiwa Park
Tv. 3 # 84-73,Rosales,-74.04840000000002,4.663200000000018,No VIS,Abril,Chapinero,31962,ULB Gold
Cl. 103 # 14-21,Santa Paula,-74.047942487,4.68724049299999,No VIS,Abril,Usaquén,31963,High Park
Cr. 15 # 136-35,Contador,-74.04349120799998,4.720659656999999,No VIS,Abril,Usaquén,31964,Maré
Cl. 103A # 47A-14,Santa Margarita,-74.06113522700002,4.690761271999975,No VIS,Abril,Suba,31965,Balcony 103
Cl. 87 # 19-09,Antiguo Country,-74.05647342399999,4.673475119999978,No VIS,Abril,Chapinero,31966,Virrey 87 /19
Cr. 50 # 106-17,Pasadena,-74.06086493700002,4.694889905000025,No VIS,Abril,Suba,31968,Portal 50.2
Cl. 92 # 5-25,Chicó,-74.04287716699997,4.671800650000023,No VIS,Abril,Chapinero,31971,Edificio 5-93
Cl. 140 # 22-23,Nueva Autopista,-74.04954314600002,4.723764082000002,No VIS,Abril,Usaquén,31972,Kavala Stanza
Cl. 103 # 14-34,Santa Paula,-74.05539923399999,4.672288475000016,No VIS,Abril,Chapinero,31975,Capital Lofts
Cl. 110 # 15-36,San Patricio,-74.04487960199998,4.694015956999976,No VIS,Abril,Usaquén,31976,Natúa 110
Cr. 51 # 103B-53,Pasadena,-74.062075306,4.692025075000004,No VIS,Abril,Suba,31977,Umbracle Pasadena
Cl. 126 # 46-25,El Batán,-74.05603552399998,4.706418901999996,No VIS,Abril,Suba,31978,Torrearte
Cl. 84 # 8-48,Cabrera,-74.04901188600002,4.665625324000018,No VIS,Abril,Chapinero,31980,Octava
Cr. 16 # 110-60,San Patricio,-74.045566474,4.694613436999987,No VIS,Abril,Usaquén,31986,Casa Artek
Cr. 10B # 134A-21,Lisboa,-74.03606137899999,4.714876881999999,No VIS,Abril,Usaquén,31987,Lisboa Real
Cr. 14A # 118-81,Santa Bárbara,-74.04168108699997,4.697903273000008,No VIS,Abril,Usaquén,31989,Torre Sakai
Cr. 21 # 135-60,Nueva Autopista,-74.04896892800002,4.720713112999988,No VIS,Abril,Usaquén,31992,Jaén Aptos
Cr. 16 # 95-14,Chicó,-74.05020641599998,4.681434318000015,No VIS,Abril,Chapinero,31993,16-95 Apartamentos
Cr. 18 # 122-44,Santa Bárbara,-74.04669453499997,4.701875416999997,No VIS,Abril,Usaquén,31994,Area 122
Cr. 11B # 135C-45,Lisboa,-74.03881230899998,4.716696164999974,No VIS,Abril,Usaquén,31995,Rincón de Antigua
Cr. 14B # 112-45,Santa Bárbara,-74.04277067999999,4.695194721000007,No VIS,Abril,Usaquén,31997,Arona
Cr. 9 # 104A-39,Santa Paula,-74.04340889000002,4.688109967000003,No VIS,Abril,Usaquén,31998,Luminium
Cl. 127 # 7-71,Santa Bárbara,-74.029333683,4.701923188000023,No VIS,Abril,Usaquén,31999,Uptown 127
Cl. 103 # 15-60,Chicó Navarra,-74.04797818399999,4.688421714000015,No VIS,Abril,Usaquén,32000,103 Senior Living
Cr. 12 # 113-23,Santa Bárbara,-74.03976760299997,4.693834046000006,No VIS,Abril,Usaquén,32001,Bosque Alto
Cr. 15A # 118-73,Santa Bárbara,-74.04411642500003,4.698319422999987,No VIS,Abril,Usaquén,32003,C 118
Tv. 58 # 106-41,Puente Largo,-74.066414764,4.694132210000021,No VIS,Abril,Suba,32004,Ciento Seis 41..
Cl. 100 # 50- 80,Pasadena,-74.06248934500002,4.689011729000015,No VIS,Abril,Suba,32005,Ciien
Cr. 7A # 130-07,Bella Suiza,-74.029419959,4.708570201999976,No VIS,Abril,Usaquén,32007,Reserva de Ginebra
Cr. 18 # 93-15,Chicó,-74.05417489000001,4.678198568000028,No VIS,Abril,Chapinero,32010,Area 93
Cr. 48 # 124-69,El Batán,-74.05742014499998,4.705859760999999,No VIS,Abril,Suba,32011,San Pedro del Batán
Cr. 14A # 103-92,Santa Paula,-74.04595626899999,4.688181070999974,No VIS,Abril,Usaquén,32012,City Live 104
Cr. 18A # 137-73,Contador,-74.04577080299998,4.722690643000021,No VIS,Abril,Usaquén,32013,Mandala 140
Cr. 50A # 122-11,El Batán,-74.05952353599997,4.703923783999983,No VIS,Abril,Suba,32014,Miyazu 122
Cr. 1 # 78-21 Este,Rosales,-74.04758867599998,4.657911381000019,No VIS,Abril,Chapinero,32015,Icono 77 - Rosales
Cl. 112 # 1-03,Santa Ana Oriental,-74.02797250600003,4.688510305000022,No VIS,Abril,Usaquén,32016,Edificio Amaya
Cl. 103 # 19-09,Chico Navarra,-74.051941817,4.688635164999994,No VIS,Abril,Usaquén,32017,Torre Impulsa
Cl. 127A # 18B-62,Calleja Alta,-74.04779900599999,4.707591912999988,No VIS,Abril,Usaquén,32018,127 Park
Cl. 122 # 22-25,Santa Bárbara,-74.05287013399999,4.702224879000028,No VIS,Abril,Usaquén,32020,Rissani
Tv. 23 # 95-79,Chicó,-74.056738472,4.683927427000015,No VIS,Abril,Chapinero,32021,96 Click
Cl. 116 # 18B-08,Santa Bárbara,-74.04864963099999,4.698700132999988,No VIS,Abril,Usaquén,32024,Vìú Park 118
Cr. 19 # 127-44,Calleja Alta,-74.04840291400001,4.706309386999976,No VIS,Abril,Usaquén,32025,Club House 127
Cr. 18 # 137-58,Cedritos,-74.04478548999998,4.722083877999978,No VIS,Abril,Usaquén,32026,KD Azul
Cr. 8A # 108A-19,Santa Ana Oriental,-74.03838939299999,4.689679658999978,No VIS,Abril,Usaquén,32027,Torre de la Stazione
Cr. 7BBis # 123-44,Santa Bárbara,-74.03164073300002,4.699640241999987,No VIS,Abril,Usaquén,32028,El Roble 124
Cl. 106A # 57-40,Puente Largo,-74.06635134499999,4.694768179999983,No VIS,Abril,Suba,32029,Edificio Millenium
Cl. 94 # 17-31,Chicó,-74.052500861,4.680082265999999,No VIS,Abril,Chapinero,32030,Benialt 94
Cr. 15 # 135-04,Nuevo Country,-74.04200162699999,4.717964041000016,No VIS,Abril,Usaquén,32031,Privatto
Cr. 54 # 106-15,Pasadena,-74.06355376099998,4.694939191999992,No VIS,Abril,Suba,32032,Nativo 106
Cl. 82 Cr 8,Cabrera,-74.05010338599999,4.664254187999973,No VIS,Abril,Chapinero,32033,Casa Cabrera
Cr. 21 # 135-30,Nueva Autopista,-74.04898025099999,4.720281895000028,No VIS,Abril,Usaquén,32034,Nuvo Park 135
Cl. 114A # 19A-57,San Patricio,-74.052013902,4.697748541999999,No VIS,Abril,Usaquén,32036,Hauss 114
Cl. 105A # 14-52,Santa Paula,-74.04536941499998,4.689373294000006,No VIS,Abril,Usaquén,32037,Q. 105
Cl. 110A # 6-07,Santa Ana,-74.03380419000001,4.688619562999975,No VIS,Abril,Usaquén,32038,Santa Ana
Cr. 9 # 96-61,Chicó,-74.04240099999998,4.678499999999985,No VIS,Abril,Chapinero,32039,Element 9-96
Cr. 10A # 134B-42,Lisboa,-74.03486099999998,4.715273000000025,No VIS,Abril,Usaquén,32040,Alfama
Cr. 12 # 138-41,Lisboa,-74.03809999999999,4.719165999999973,No VIS,Abril,Usaquén,32041,Taio 138
Tv. 19A # 95-61,Chicó,-74.05364600000001,4.683224999999993,No VIS,Abril,Chapinero,32042,Nest 95
Cr. 53 # 104B-67,Pasadena,-74.06295399999999,4.694014999999979,No VIS,Abril,Suba,32043,Casa Magenta
Cr. 6 # 91-85,Chicó,-74.04366599999997,4.670904000000007,No VIS,Abril,Chapinero,32044,Aluna
Cl. 120 # 7-51,Santa Bárbara,-74.03225800000001,4.696962999999982,No VIS,Abril,Usaquén,32045,Arezzo 120
Cl. 92 # 9A-27,Chicó,-74.04698203999999,4.672690165000006,No VIS,Abril,Chapinero,32046,Fiorhé
Cl. 140 # 21-23,Nueva Autopista,-74.04888575400003,4.723654117000024,No VIS,Abril,Usaquén,32047,Metro 21
Cr. 17A # 122-81,Santa Bárbara,-74.04635039700003,4.702128841999979,No VIS,Abril,Usaquén,32048,Portal 17
Cr. 22 # 137-49,Nueva Autopista,-74.04960563499998,4.722948658000007,No VIS,Abril,Usaquén,32049,Helton 137
Cr. 17 # 124-28,Santa Bárbara,-74.04503607700002,4.702888310999981,No VIS,Abril,Usaquén,32050,Pórtico V
Cr. 17A # 123-65,Santa Bárbara,-74.04615865,4.703271013000006,No VIS,Abril,Usaquén,32051,Bilanka 123
Cl. 126 # 49-40,El Batán,-74.05812765600001,4.706712229000004,No VIS,Abril,Suba,32052,Ed. Santa María
Cl. 97A # 10-60,Chicó,-74.04399572800003,4.680671827000026,VIS,Abril,Chapinero,32053,Edificio H
Cr. 18 # 85-24,Antiguo Country,-74.05656587800001,4.671206400000017,No VIS,Abril,Chapinero,32054,Universal
Cl. 108 # 15A-40,San Patricio,-74.04618403699999,4.692614504999995,No VIS,Abril,Usaquén,32055,Portal 108
Av. Cr. 72 # 129-01,Sotileza,-74.075868668,4.722755586999995,No VIS,Abril,Suba,40502,BranteVilla Bosque Residencial
Cr. 15 # 173-25,La Alameda,-74.037444774,4.753503018999993,No VIS,Abril,Usaquén,40657,Alameda Plaza
Cl. 131 # 78A-61,Colinas de Suba,-74.07729156599999,4.723928668999974,No VIS,Abril,Suba,40709,Bosque Verde
Cr. 79C # 129-20,Colinas de Suba,-74.07869700399999,4.72231988599998,No VIS,Abril,Suba,40801,Montereserva
Cr. 11A # 191-52,Maranta,-74.03199844800002,4.769285342999979,No VIS,Abril,Usaquén,40871,Kepler
Cr. 80 # 151-31,Torreladera,-74.07639999999998,4.74290000100001,No VIS,Abril,Suba,40929,Torreladera Bosque Residencial Apartamentos
Av. Cr. 9A # 146-45,Cedritos,-74.03279118799998,4.724915380000027,No VIS,Abril,Usaquén,40966,Milano Park
Cr. 87 # 131C-11,Provenza,-74.083968002,4.728976014000011,No VIS,Abril,Suba,40999,Camino del Bosque Casas
Cl. 128B # 80-17,Sotileza,-74.08169233000001,4.718678640000007,No VIS,Abril,Suba,41004,Cerros de Sotileza
Cr. 19A # 173-70,La Uribe,-74.040722303,4.754881850999993,No VIS,Abril,Usaquén,41011,Támesis 175
San Simón vía. Guayamaral,Guaymaral,-74.05009460600002,4.813007878999997,No VIS,Abril,Suba,41019,El Mimbre
Cr. 54D # 134-51,Colina Campestre,-74.06076579500001,4.723330703999977,No VIS,Abril,Suba,41027,Hacienda Reservada
Cr. 56 # 167C-70,Britalia Norte,-74.05745787799998,4.751944904000027,No VIS,Abril,Suba,41072,La Bella Fontana
Cl. 152B # 74-77,Colina Campestre,-74.07147037700003,4.740721640000004,No VIS,Abril,Suba,41081,Nogales
Cr. 58C # 147-81,Colina Campestre,-74.06494487200001,4.736881604000018,No VIS,Abril,Suba,41094,Rossetti
Cl. 161 # 54-25,Sotavento,-74.054910732,4.742157706,No VIS,Abril,Suba,41112,Alejandría - Faro
Cl. 159 # 54-35,Sotavento,-74.05550138400002,4.740170636000016,No VIS,Abril,Suba,41115,Alejandría - Azimut
Cr. 54 # 153-75,Sotavento,-74.05477012199998,4.740009319000023,No VIS,Abril,Suba,41116,Alejandría - Vintage
Cl. 159 # 54-69,Sotavento,-74.05623487600002,4.740342258999988,No VIS,Abril,Suba,41118,Alejandría - Portus
Cl. 159 # 54-36,Sotavento,-74.05494678899998,4.741225484999973,No VIS,Abril,Suba,41119,Alejandría - Mediterráneo
Cr. 52A # 175-66,Villa del Prado,-74.05042504800002,4.757529652000016,No VIS,Abril,Suba,41125,Parque Baviera
Cl. 137 # 55-42,Colina Campestre,-74.06112208299999,4.725646209999979,No VIS,Abril,Suba,41126,Arany
Cl. 147 # 12-80,Cedritos,-74.03609782000001,4.727550478000012,No VIS,Abril,Usaquén,41144,Gaia 147
Cr. 81 # 212-41,Guaymaral,-74.06174119299999,4.793012431000022,No VIS,Abril,Suba,41161,Reserva del Otoñal
Cl. 142 # 11-40,Cedritos,-74.03572783800001,4.721714937999991,No VIS,Abril,Usaquén,41167,Botanika Telus
Cl. 168 # 8D-25,Santa Teresa,-74.02724011999999,4.745047732999978,No VIS,Abril,Usaquén,41174,Terraverde
Cl. 152C # 72-65,Gratamira,-74.06720174899999,4.742817123999998,No VIS,Abril,Suba,41187,Veramonte - Macana
Cl. 147 # 11-10,Cedritos,-74.03320011199997,4.726222188999998,No VIS,Abril,Usaquén,41211,Cedritos 147
Cr. 55A # 167A-19,Britalia Norte,-74.056738914,4.750351142,No VIS,Abril,Suba,41221,Park 170
Cl. 145 # 15-75,Cedritos,-74.04302884600003,4.726278127,No VIS,Abril,Usaquén,41222,Imoval XIV
Cr. 7 # 158-51,Barrancas,-74.02493289799997,4.734166915000003,No VIS,Abril,Usaquén,41226,Séptima Avenida
Cl. 170 # 56-45,Britalia Norte,-74.057788405,4.753428718999999,No VIS,Abril,Suba,41238,Belgrano
Cl. 152B # 56-62,Colina Campestre,-74.06084470500002,4.739136366000025,No VIS,Abril,Suba,41240,Klimt
Cr. 56 # 152B-71,Colina Campestre,-74.060318849,4.739848370000004,No VIS,Abril,Suba,41248,Picabia
Cl. 170 # 7A-17,Santa Teresa,-74.02469367100002,4.745305819999999,No VIS,Abril,Usaquén,41249,Miramont Park
Cr. 87 # 131C-11,Provenza,-74.083968002,4.728976014000011,No VIS,Abril,Suba,41251,Camino del Bosque Aptos
Cl. 147 # 72C-06,Colina Campestre,-74.06772959199998,4.737939868000012,No VIS,Abril,Suba,41272,Pratum
Cl. 187A # 8-46,Tibabita,-74.02949999999998,4.764099999999985,No VIS,Abril,Usaquén,41284,Terrazze 187
Cr. 8D # 192-40,Tibavita,-74.030030576,4.769384623999997,No VIS,Abril,Usaquén,41312,Edificio San Rafael
Cl. 170 # 69-45,Britalia Norte,-74.06527077099997,4.758867711999983,No VIS,Abril,Suba,41325,Baviera
Cl. 167D # 8-33,Santa Teresa,-74.02569999999997,4.744700000000023,No VIS,Abril,Usaquén,41326,Íkona 167
Cr. 73 # 152B-65,Gratamira,-74.06721832300002,4.74174573800002,No VIS,Abril,Suba,41330,Veramonte - Teca
Cl. 183 # 7A-41,San Antonio,-74.02782263799998,4.760021294000012,No VIS,Abril,Usaquén,41336,Ladera 183
Cr. 58BBis # 128B-14,Las Villas,-74.07060000000001,4.716999999999984,No VIS,Abril,Suba,41342,Axxes 128
Cl. 165B # 56B-20,Cantalejo,-74.05893803800001,4.748534016999997,No VIS,Abril,Suba,41368,Itzatá Reservado
Cl. 152C # 73-75,Gratamira,-74.070166486,4.743575244999988,No VIS,Abril,Suba,41374,Veramonte - Ébano
Cr. 72BIS # 152B-25,Gratamira,-74.06930114599999,4.742706795000004,No VIS,Abril,Suba,41375,Veramonte - Olmo
Cr. 63 # 103C-18,Andes,-74.06660926500001,4.691450099999997,No VIS,Abril,Suba,41377,Torre Andes
"Vda. La Balsa, Guaymaral",Guaymaral,-74.06951188199997,4.820154909999985,No VIS,Abril,Suba,41389,Naples Condominio
Cr. 56 # 167A-03,Cantalejo,-74.05940005100001,4.75035348900002,No VIS,Abril,Suba,41392,Mawa¡
Cr. 58B # 129A-23,Ciudad Jardín Norte,-74.06965343799999,4.719132698999999,No VIS,Abril,Suba,41398,Osaka
Cr. 56 # 160-57,Cantalejo,-74.059181701,4.743302944999982,No VIS,Abril,Suba,41399,Torres de Cantalejo
Cl. 128C # 47-04,Prado Veraniego,-74.055587204,4.715105282000024,No VIS,Abril,Suba,41402,Prado 128
Cr. 80 # 146F-64,Casablanca,-74.076982305,4.737271353999972,No VIS,Abril,Suba,41404,Terra Vista 147
Cr. 58C # 147-36,Colina Campestre,-74.06049999999999,4.738600001000009,No VIS,Abril,Suba,41417,Carrá
Cr. 54A # 169-71,Britalia Norte,-74.05373969200002,4.752550815999996,No VIS,Abril,Suba,41418,Verona 170
Cl. 135 # 47-54,Spring,-74.05399999999997,4.721699999999998,No VIS,Abril,Suba,41429,La Esperanza
Cl. 135 # 45A-55,Spring,-74.05520259500003,4.72124074200002,No VIS,Abril,Suba,41431,Spring Art
Tv. 53D # 129-50,Las Villas,-74.06369999999998,4.716499999000007,No VIS,Abril,Suba,41436,Nueva Colina - Amonte
Tv. 53D # 129-50,Las Villas,-74.06369999999998,4.716499999000007,No VIS,Abril,Suba,41437,Nueva Colina - Turó
Cr. 9A # 63-18,Chapinero,-74.06136362000001,4.649029428000006,No VIS,Abril,Chapinero,41463,Lourdes 63
Cr. 14 # 33-50,Parque Bavaria,-74.069366291,4.621828380000011,No VIS,Abril,Santa Fe,41465,33 DC
Cr. 35 # 54-28,Nicolas de Federman,-74.07963145100001,4.645037349000006,No VIS,Abril,Teusaquillo,41466,Metropolitan Park
Dg. 60A # 22A-59,San Luis,-74.07139999999998,4.647399999000015,No VIS,Abril,Teusaquillo,41467,Varenna Aptos
Dg. 54 # 24-57,Galerias,-74.07328586,4.64466834000001,No VIS,Abril,Teusaquillo,41468,CRZ-4
Cr. 77BBis # 78-45,San Jose de la Granja,-74.095297835,4.697936471999981,No VIS,Abril,Engativá,41473,Marbore Reservado
Cr. 14 # 33-50,Parque Bavaria,-74.069366291,4.621828380000011,No VIS,Abril,Santa Fe,41476,33 DC Res. Estudiantiles
Cl. 52 # 14-52,Quesada,-74.06708672000002,4.639774518000024,No VIS,Abril,Teusaquillo,41477,Gallery Loft 52
Cr. 14 # 32-20,Parque Bavaria,-74.07,4.620400000000018,No VIS,Abril,Santa Fe,41478,Teik
Cl. 12A # 27-14,Ricaurte,-74.09052591300002,4.611127726999996,No VIS,Abril,Los Mártires,41480,Torre Picasso
Cl. 17 # 22-50,Paloquemao,-74.08569999999997,4.612799999999993,VIS,Abril,Los Mártires,41489,Centenari
Cl. 60 # 35A-51,Nicolas de Federman,-74.08043324099998,4.650292616000002,No VIS,Abril,Teusaquillo,41490,Edificio 8
Cl. 44 # 16-74,Palermo,-74.07070678600002,4.632455237999977,No VIS,Abril,Teusaquillo,41492,Alameda 44
Av. Cl. 26 # 37-19,El Recuerdo,-74.08553325999998,4.63247280500002,No VIS,Abril,Teusaquillo,41493,Urban 26
Cr. 116 # 78B-35,Gran Granada,-74.124788857,4.722915236999995,No VIS,Abril,Engativá,41496,Senderos de Granada
Cl. 63 # 1-05,Maria Cristina,-74.05419507900001,4.644139580000001,No VIS,Abril,Chapinero,41498,View 63
Av. Cl. 24 # 47A-25,Quinta Paredes,-74.09669449500001,4.636040662000028,No VIS,Abril,Teusaquillo,41499,Central
Cl. 72A # 57-22,San Fernando,-74.07746159700002,4.671769773999984,No VIS,Abril,Barrios Unidos,41500,Ed. El Caballero
Cl. 22ABis # 44A-72,Quinta Paredes,-74.09628892,4.633390104,No VIS,Abril,Teusaquillo,41502,Kaitoke 22
Cl. 70 Sur # 87-12,Independencia,-74.194924018,4.619755575999989,VIS,Abril,Bosa,41509,Huitaca Residencial
Cr. 72Bis # 74-66,Santa Maria del Lago,-74.09360468199998,4.690276310000002,No VIS,Abril,Engativá,41510,Santa María
Cl. 17 # 4-28,Centro,-74.06977077099998,4.602115184000013,No VIS,Abril,Santa Fe,41511,Pascal
Cl. 24 # 32-19,Gran América,-74.085590991,4.625821237000025,No VIS,Abril,Teusaquillo,41512,Eon
Dg. 59 # 23-54,San Luis,-74.07234156700002,4.646211279999989,No VIS,Abril,Teusaquillo,41514,Maikai
Cr. 50 # 61-10,Nicolas de Federman,-74.08382418899998,4.652191685999981,No VIS,Abril,Teusaquillo,41515,Torre Verne
Cl. 51 # 3-66,Chapinero Alto,-74.06101191699997,4.63563149700002,No VIS,Abril,Chapinero,41516,Torres de Adar lll
Cl. 22 # 104-40,La Giralda,-74.14329509499998,4.679373698999996,No VIS,Abril,Fontibón,41520,Edificio Mandarino
Cr. 50 # 57B-42,Nicolas de Federman,-74.08504192700002,4.649110177000011,No VIS,Abril,Teusaquillo,41525,Eva 57 Nicolás
Cr. 82A # 69-05 Sur,Islandia,-74.19399264200001,4.615282093000019,VIS,Abril,Bosa,41527,Parque Primaveral
Cr. 5 # 16-58,Veracruz,-74.07090329099998,4.602214644000014,No VIS,Abril,Santa Fe,41529,Da Vinci Apartaestudios
Cr. 31 # 4-31,Veraguas,-74.10140433999999,4.604946186000006,No VIS,Abril,Puente Aranda,41531,Veraguas Reservado
Cl. 7 # 2-39,La Candelaria,-74.07312606199997,4.592884775000016,No VIS,Abril,La Candelaria,41532,Ed. Comuneros
Cr. 113 # 19A-11,Fontibon,-74.15080905600001,4.683909399000015,VIS,Abril,Fontibón,41533,Lares Fontibón II - Vis
Cl. 64D # 112B-84,Engativa,-74.13521833700003,4.706092620999982,No VIS,Abril,Engativá,41534,La Baita
Cr. 98A # 22A-13,La Giralda,-74.13990299900001,4.676580348000016,No VIS,Abril,Fontibón,41535,Hyntiba 98
Tv. 3A # 54A-24,Chapinero,-74.0599992,4.640328630999988,No VIS,Abril,Chapinero,41537,Chapinero Hub
Cl. 60Bis # 1-64,Chapinero Alto,-74.05652077399998,4.642929951999974,No VIS,Abril,Chapinero,41538,Origami 60
Cr. 47 # 22A-36,Quinta Paredes,-74.09696646499998,4.634829361000016,No VIS,Abril,Teusaquillo,41540,Espacio 47
Cl. 58Bis # 10-19,Chapinero,-74.06398404499998,4.644590825000023,VIS,Abril,Chapinero,41541,Living 58
Av. Cr. 6 # 68A-05,Marsella III,-74.12424003799998,4.62781484300001,No VIS,Abril,Kennedy,41542,Boreal
Cr. 7 # 61-24,Chapinero,-74.06033622400003,4.646359597000014,No VIS,Abril,Chapinero,41543,Torres de Adar IV ..
Cr. 123A # 77B-85,Gran Granada,-74.13431576900001,4.724564828999974,No VIS,Abril,Engativá,41544,Tinguazul
Cl. 78 # 76-40,La Granja,-74.09449999999998,4.697000000999992,No VIS,Abril,Engativá,41545,Jardines de La Granja
Cr. 68D # 57H-65 Sur,Villa del Rio,-74.16031457399998,4.597353912000017,VIS,Abril,Bosa,41546,Senderos de Madelena ll
Cr. 78Bis # 76-75,La Granja,-74.09712729699999,4.696929983000018,No VIS,Abril,Engativá,41547,Cadiz
Cl. 22 # 44A-42,Quinta Paredes,-74.09709328999998,4.632002414999988,No VIS,Abril,Teusaquillo,41548,Pinesloft
Cl. 1 # 32B-80,Santa Matilde,-74.108682918,4.600974484000005,No VIS,Abril,Puente Aranda,41549,Boreal Santa Matilde
Cl. 3 # 36-56,Veraguas,-74.10728305999999,4.608803533000014,VIP,Abril,Puente Aranda,41550,Oporto Club Res
Cl. 3 # 36-56,Veraguas,-74.10728305999999,4.608803533000014,VIS,Abril,Puente Aranda,41550,Oporto Club Res
Cl. 82Bis # 27-34,Polo Club,-74.064443455,4.67127631599999,No VIS,Abril,Barrios Unidos,41552,Udara Polo
Cr. 67 # 67F-79,Jose Joaquin Vargas,-74.08619927900003,4.676116658000012,No VIS,Abril,Barrios Unidos,41553,Torres de las Lajas
Cl. 34 # 7-59,Centro,-74.067727892,4.621551077999982,No VIS,Abril,Santa Fe,41554,Citadinno
Cr. 24 # 61D-78,San Luis,-74.07262451999998,4.649115703999996,No VIS,Abril,Teusaquillo,41555,Armonía
Dg. 60A # 22A-70,San Luis,-74.07245687099999,4.647568852000006,No VIS,Abril,Teusaquillo,41556,Camino de San Luis
Cr. 15 # 48-21,Palermo,-74.06839597599998,4.635931087000017,No VIS,Abril,Teusaquillo,41557,Urbano 48 - Vis
Cr. 116 # 19-45,San Pablo,-74.15363188700002,4.686817494000024,VIS,Abril,Fontibón,41558,Bonaire Club Residencial
Cl. 22B # 44-05,Quinta Paredes,-74.09497429499999,4.632678882999983,No VIS,Abril,Teusaquillo,41559,Ed. Avila
Cr. 45A # 94-26,La Castellana,-74.05874940199999,4.682438147000028,No VIS,Abril,Barrios Unidos,41560,ADN Microliving Castellana
Cl. 60 # 9-34,Chapinero,-74.06247961600002,4.646406108999997,No VIS,Abril,Chapinero,41561,Urban 9-60
Cr. 13 # 53-75,Chapinero,-74.06527282100001,4.641021145000025,No VIS,Abril,Chapinero,41562,Viao 53
Cr. 10 # 54A-31,Chapinero,-74.063911556,4.641398504999984,No VIS,Abril,Chapinero,41563,Open 10k
Cr. 26 # 49-26,Galerias,-74.075738548,4.638304283000025,No VIS,Abril,Teusaquillo,41564,Vivo
Cr. 27 # 24B-45,Usatama,-74.07924876300001,4.622888208000006,No VIS,Abril,Los Mártires,41565,Fiori
Cl. 25 Sur # 68H-74,Carvajal,-74.13311299399999,4.612635325999975,No VIS,Abril,Kennedy,41566,Vival del Carvajal
Dg. 53D # 22A-25,Galerias,-74.07278541699998,4.643460760999972,No VIS,Abril,Teusaquillo,41568,Proyecto Silver
Cl. 58Bis # 9-49,Chapinero,-74.06359593799999,4.644445564000023,No VIS,Abril,Chapinero,41570,Almagro
Cl. 6 # 18-04,La Estanzuela,-74.08809828,4.599893491999978,No VIS,Abril,Los Mártires,41571,Aruma
Cl. 22 # 102-49,La Cabaña,-74.14240167499997,4.677648470999998,VIS,Abril,Fontibón,41572,Jitaku
Cr. 116 # 77B-35,Villas de Granada,-74.12569861100002,4.722013268000012,No VIS,Abril,Engativá,41574,Caminos de Granada
Cl. 14A # 123-25,El Recodo,-74.167965676,4.681645343000014,VIP,Abril,Fontibón,41575,El Poblado Aptos
Cl. 61 # 9-65,Chapinero,-74.06246917200002,4.646821854999985,No VIS,Abril,Chapinero,41576,Ed. Manuel Franco
Cr. 38 # 12A-21,Zona Industrial,-74.09985304100002,4.619474641000011,No VIS,Abril,Puente Aranda,41577,38 Plus
Cl. 78B # 123A-35,Villas de Granada,-74.13164464599998,4.723477258999992,No VIS,Abril,Engativá,41578,Reserva de Granada V
Cl. 12 # 25A-12,Ricaurte,-74.08969359000002,4.609619353000028,VIS,Abril,Los Mártires,41581,Torres De Vicino
Tv. 27 # 57-12,San Luis,-74.07400658,4.645702948999997,No VIS,Abril,Teusaquillo,41582,Batlló Edificio
Cr. 16 # 60-52,San Luis,-74.06692208999999,4.647954023000011,No VIS,Abril,Teusaquillo,41583,Nou 60
Cr. 20 # 50-12,Galerias,-74.071636711,4.638482204000013,No VIS,Abril,Teusaquillo,41584,Yambú
Av. Cl. 22 # 97B-27 (sala),Saturno,-74.14035200000001,4.675215999999978,No VIS,Abril,Fontibón,41587,Zafiro
Cl. 22G # 96I-85,El Cortijo,-74.13840900000002,4.675542000000007,No VIS,Abril,Fontibón,41588,Los Angeles
Cl. 6 # 39-72,comuneros,-74.10641900000002,4.613631999999996,VIS,Abril,Puente Aranda,41589,Primavera 6-39
Cl. 4B # 34A-85,comuneros,-74.10479700000002,4.608813999999995,VIP,Abril,Puente Aranda,41590,Mazzaro
Cl. 4B # 34A-85,comuneros,-74.10479700000002,4.608813999999995,VIS,Abril,Puente Aranda,41590,Mazzaro
Cr. 5 # 18-10,Veracruz,-74.07041199999998,4.603554999999972,No VIS,Abril,Santa Fe,41591,Arte K 5-18
Cr. 9 # 16-62,Veracruz,-74.074071,4.604056000000014,No VIS,Abril,Santa Fe,41592,Veradomo
Cl. 24 # 7-43,Alameda,-74.07063799999997,4.610091000000011,No VIS,Abril,Santa Fe,41593,Go Life & Work
Cl. 13 # 58-63,Chapinero,-74.06453099999999,4.645329000000004,No VIS,Abril,Chapinero,41594,Latitud 58
Cr. 38A # 25B-66,El Recuerdo,-74.08659899999998,4.632757000000026,No VIS,Abril,Teusaquillo,41595,Latitud 26
Cl. 16 # 4-74,Las Aguas,-74.07086099999998,4.601743999999996,No VIS,Abril,Santa Fe,41597,Torre Nexus
Cl. 72F # 113A-21,Granada,-74.12916899999999,4.716645000000028,VIS,Abril,Engativá,41598,Montecarlo VII
Tr. 113 # 66-92,Villa Gladys,-74.13494800000001,4.707872000000009,VIS,Abril,Engativá,41599,Habitat 113
Cl. 69B Sur # 77J-25,San Pablo,-74.19084800000002,4.599611999999979,No VIS,Abril,Bosa,41600,Cubo 69
Cr. 16 # 58A-62,San Luis,-74.06745999999998,4.646141,No VIS,Abril,Teusaquillo,41601,Makapi Epic
Cr. 9 # 23-30,Centro Internacional,-74.07105100000001,4.609695999999985,No VIS,Abril,Santa Fe,41602,Torre Evoca
Cr. 22 # 22C-05,Primavera,-74.08065599999998,4.618094999999982,No VIS,Abril,Los Mártires,41603,Renova 22
Cr. 30 # 63F-17,El Rosario,-74.07836800000001,4.656903,No VIS,Abril,Barrios Unidos,41604,Manzana 3
Cl. 62 # 24-27,Galerias,-74.07304799999997,4.650079000000005,No VIS,Abril,Teusaquillo,41605,Balcones del Campin 3
Tr. 128 # 17-99,Puente Grande,-74.16277300000002,4.69324899999998,VIS,Abril,Fontibón,41606,Fontibón 128
Cr. 22A # 82-26,Polo Club,-74.06211557300003,4.669997032000026,No VIS,Abril,Barrios Unidos,41609,Polo 82
Cr. 84A # 71-05,La Clarita,-74.106534818,4.693515030000015,No VIS,Abril,Engativá,41610,Edificio Lotus
Cl. 67A # 113C-27,Engativa,-74.13605853899998,4.710331501999974,VIS,Abril,Engativá,41611,Oikos Varena Vis
Cl. 67A # 113C-27,Engativa,-74.13605853899998,4.710331501999974,VIP,Abril,Engativá,41611,Oikos Varena Vis
Cl. 24 # 4A-15,Las Aguas,-74.06774128900003,4.608339166999997,No VIS,Abril,Santa Fe,41612,Bauhaus 4-23
Cl. 54A # 14-53,Palermo,-74.06661584199998,4.641908500999989,No VIS,Abril,Teusaquillo,41613,Soho 54A
Cl. 3 # 30A-17,Veraguas,-74.10187136600001,4.603809630000001,No VIS,Abril,Puente Aranda,41614,Salomón III
Cr. 68 # 5-05,Trinidad Galan,-74.12411076400002,4.625377549000007,No VIS,Abril,Kennedy,41615,Iconik 68
Cr. 33 # 25A-55,El Recuerdo,-74.08576453799998,4.628656416000012,No VIS,Abril,Teusaquillo,41616,Avanzza Parque Central
Cr. 5 # 33A-09,San Martin,-74.06563902300002,4.619688972000006,No VIS,Abril,Santa Fe,41617,Cinco 33
Cr. 26 # 10-03,Ricaurte,-74.09136403500003,4.608078453000019,VIS,Abril,Los Mártires,41618,Novum Ricaurte
Cr. 123 # 15A-25,Pùeblo Viejo,-74.16424277200002,4.684879266999985,VIS,Abril,Fontibón,41619,Fontibón Reservado
Cl. 67 # 11-80,Quinta Camacho,-74.06203151900002,4.65347281999999,No VIS,Abril,Chapinero,41620,Garden Home Club
Cr. 11 # 146-91,Cedritos,-74.033302343,4.725371414999984,No VIS,Abril,Usaquén,49000,147 Square
Cl. 147 # 7G-40,Cedritos,-74.03124021000002,4.725381761999984,No VIS,Abril,Usaquén,49001,Las Palmas Apartamentos
Cl. 146 # 13-22,Cedritos,-74.03802723299998,4.726953322999975,No VIS,Abril,Usaquén,49006,Smart Home 146
Cr. 7B # 145-81,Cedritos,-74.02846727299999,4.721770489999983,No VIS,Abril,Usaquén,49008,Giralda 145
Cl. 145 # 13A-19,Cedritos,-74.039437954,4.725349269999981,No VIS,Abril,Usaquén,49009,Alborada 145
Cl. 144 # 12-78,Cedritos,-74.03786061099999,4.724166575000027,No VIS,Abril,Usaquén,49014,Acereto
Cl. 146Bis # 9-25,Cedritos,-74.03273257699999,4.724263754999981,No VIS,Abril,Usaquén,49015,Manzana Verde
Cr. 20 # 151-08,Cedritos,-74.046144792,4.733602658999985,No VIS,Abril,Usaquén,49018,Mirador del Cedro II
Cl. 145 # 12-94,Cedritos,-74.03809999999999,4.725199998999983,No VIS,Abril,Usaquén,49019,Vivaio
Cl. 145A # 16A-13,Cedritos,-74.043012664,4.727221735,No VIS,Abril,Usaquén,49021,Cedro Alto
Cl. 147 # 7G-52,Cedritos,-74.03154432100001,4.725517497999988,No VIS,Abril,Usaquén,49022,Scala 28
Cr. 19A # 151-15,Las Margaritas,-74.04570000000001,4.733200001,No VIS,Abril,Usaquén,49023,Mirador del Cedro III
Cr. 8 # 190-52,Tibabita,-74.02845096300001,4.767183774999978,No VIS,Abril,Usaquén,49024,Kolina de Santa Inés
Cr. 15 # 173-91,Alameda,-74.03731684600001,4.752061464000008,No VIS,Abril,Usaquén,49026,Alameda 170
Cl. 145 # 9-55,Cedritos,-74.03296597600001,4.72246422500001,No VIS,Abril,Usaquén,49028,Parkview 145
Cl. 170 # 8-60,Redil,-74.02540901200001,4.748800673999995,No VIS,Abril,Usaquén,49029,"Hacienda la Estancia ""Rioja"""
Cr. 12 # 147-39,Cedritos,-74.03480659600001,4.726910210000028,No VIS,Abril,Usaquén,49030,Cayena Real
Cr. 23 # 140-39,Cedritos,-74.05004218800002,4.724447091000002,No VIS,Abril,Usaquén,49032,Remanso Park
Cl. 183 # 8A-10,San Antonio,-74.02924524000002,4.760554173000003,No VIS,Abril,Usaquén,49033,Terrazze Park 183
Cl. 146 # 13-70,Cedritos,-74.04161064200002,4.727599139999995,No VIS,Abril,Usaquén,49035,Milá Apartamentos
Cl. 159 # 20A-54,Orquídeas,-74.04445269500002,4.741973841000004,No VIS,Abril,Usaquén,49038,Edificio Orquídeas 162
Cr. 11 # 188-49,San Antonio Norte,-74.032290994,4.765399162999984,No VIS,Abril,Usaquén,49039,Sin Nombre
Cr. 21A # 159-28,Estrella del Norte,-74.04645985399998,4.739657646000012,No VIS,Abril,Usaquén,49042,Ed. Ferreiros
Cl. 163A # 7B-39,San Cristobal,-74.02450802200002,4.738480922999997,No VIS,Abril,Usaquén,49043,Ed. Toledo 163
Cr. 21 # 159-71,Estrella del norte,-74.04609649100001,4.739954528999988,No VIS,Abril,Usaquén,49044,Sky 21 Aptos
Cl. 168 # 7-51,Santa Teresa,-74.023624869,4.745457987999998,No VIS,Abril,Usaquén,49045,Montecarlo 168
Cl. 161A # 16C-59,Toberín,-74.04051876900002,4.740674811000019,No VIS,Abril,Usaquén,49046,Morein Aptos
Cl. 170 # 7-65,Santa Teresa,-74.02352955499998,4.746421478999992,No VIS,Abril,Usaquén,49048,Dos Torres 170
Cl. 170 # 8-60,Redil,-74.02540901200001,4.748800673999995,VIS,Abril,Usaquén,49049,"Hacienda La Estancia ""Navarra"""
Cr. 60 # 66-31,Modelo,-74.08460000000002,4.667400000999976,No VIS,Abril,Barrios Unidos,50335,Vista al Parque del Salitre
Cr. 13A # 28-21,Centro Internacional,-74.070997895,4.616865497999982,No VIS,Abril,Santa Fe,50600,Museo Parque Central Fase II
Cr. 14 # 108B-11 Sur,Brazuelos,-74.11962610299997,4.492503666999994,VIS,Abril,Usme,50693,Conjunto Residencial Parque Cantarrana
Tv. 60 0 # 59-24 Sur,Madelena,-74.15533584100001,4.583557573000007,No VIS,Abril,Ciudad Bolívar,50730,Altos de Madelena
Cl. 32 # 6A-15,San Martin,-74.06705770899998,4.618335473999991,No VIS,Abril,Santa Fe,50746,Equilibrium
Tv. 65 Sur # 59-35 Sur,Madelena,-74.15565151999999,4.584739400999979,No VIS,Abril,Ciudad Bolívar,50754,Santa Elena Reservado
Av. Cr. 1 # 59-21,Chapinero Alto,-74.05829999999997,4.643100000999993,No VIS,Abril,Chapinero,50843,Omega 59
Cr. 21 # 24-89 Sur,Olaya,-74.10644022000002,4.582953456999974,No VIS,Abril,Rafael Uribe Uribe,50846,Torre Olaya Plaza
Cr. 5 # 20-39,Centro,-74.07026145200001,4.605086889000006,No VIS,Abril,Santa Fe,50855,Torre Barcelona Condominio Estudiantil
Dg. 49ABisA Sur # 13J-91,Marco Fidel Suarez,-74.12529914999999,4.567100714999981,VIS,Abril,Rafael Uribe Uribe,50860,Caracas Avenida
Cr. 49 # 91-50,La Castellana,-74.06190279399999,4.679948722999995,No VIS,Abril,Barrios Unidos,50869,Castellana Plaza
Cr. 2 # 79-18 Sur,Yomasa,-74.106,4.509700000000009,VIS,Abril,Usme,50883,Senderos de la Sierra
Cr. 25 # 24C-44,Centro,-74.07749999999999,4.621300001000009,No VIS,Abril,Los Mártires,50884,Zima 26
Cl. 11 # 1-60,Centro,-74.07000721000003,4.595055249999973,No VIS,Abril,La Candelaria,50888,Antigua La Candelaria
Cl. 49 # 5-34,Chapinero Alto,-74.062587576,4.635934409000015,No VIS,Abril,Chapinero,50889,Montecarlo Village
Cr. 27 # 31A-36 Sur,Libertador,-74.11685361999997,4.588115886000026,No VIS,Abril,Rafael Uribe Uribe,50903,Mirador
Cr. 24 # 71A-85,Alcazares,-74.06813534399998,4.662819615999979,No VIS,Abril,Barrios Unidos,50905,72 Hub
Cr. 31 # 5C-10,Veraguas,-74.09983844499999,4.607419020000009,No VIS,Abril,Puente Aranda,50907,Torre Estelar
Cr. 5 # 20-39,Centro,-74.07026145200001,4.605086889000006,No VIS,Abril,Santa Fe,50913,Torre Barcelona Apartamentos
Cr. 36 # 4-71,Primavera,-74.10637967600002,4.608689259000016,No VIS,Abril,Puente Aranda,50916,Verona Parque Residencial
Cr. 35 # 63C-45,El Rosario,-74.07893041699998,4.655711940000003,No VIS,Abril,Barrios Unidos,50917,Parque El Lago
Cl. 32 # 5-21,San Martin,-74.066327925,4.617424834000019,No VIS,Abril,Santa Fe,50926,La Quinta
Cl. 33 # 6-37,Centro,-74.066461817,4.618987628000014,No VIS,Abril,Santa Fe,50929,Frontier
Cl. 48 Sur # 4-90 Este,Nueva Roma,-74.09526988300001,4.541840638999986,VIS,Abril,San Cristóbal,50938,Reserva Entre Nubes
Cl. 72A # 62-14,San Fernando,-74.08097806799998,4.674467467999989,No VIS,Abril,Barrios Unidos,50941,Nova 72
Av. Cr. 14 # 71-44,Quinta Camacho,-74.06150866000002,4.658213558999989,No VIS,Abril,Chapinero,50944,Life 72
Cl. 63D # 28A-64,7 de agosto,-74.07740000000001,4.655799999999999,No VIS,Abril,Barrios Unidos,50946,Salamanca
Cr. 12 # 32F-80 Sur,La Resureción,-74.113359135,4.569795053000007,VIS,Abril,Rafael Uribe Uribe,50948,Granjas de Santa Sofía
Cr. 6 # 48A-47,Chapinero Alto,-74.06347864700001,4.63538278599998,No VIS,Abril,Chapinero,50956,Óga 6-48
Cl. 13 Sur # 24B-89,Valvanera,-74.10144905200002,4.589918431000001,No VIS,Abril,Antonio Nariño,50958,Valvanera 24
Cl. 21 Sur # 2-31,Montebello,-74.09014397700003,4.569056859,VIS,Abril,San Cristóbal,50965,Monte Rizzo Club Residencial
Cr. 50 # 57B-80,Nicolas de Federman,-74.08500164499998,4.649212079999984,No VIS,Abril,Teusaquillo,50973,Volterra Village
Cr. 35A # 57B-14,Nicolas de Federman,-74.08005008200001,4.648023739999985,No VIS,Abril,Teusaquillo,50975,Torres de la Merced
Av. Cr. 14 # 58-26,Chapinero,-74.06503428000002,4.64515228099998,No VIS,Abril,Chapinero,50979,Vitra Art
Cl. 6 # 26-50,Ricaurte,-74.094822809,4.604607061000024,No VIS,Abril,Los Mártires,50982,Avanti Club House
Cr. 17 # 74C-04 Sur,Lucero Bajo,-74.14054533799998,4.541237729999978,VIS,Abril,Ciudad Bolívar,50985,Conjunto Residencial San Joaquín
Cl. 31 Sur # 9C-51 Este,Ramajal,-74.081976327,4.558064478999995,VIS,Abril,San Cristóbal,50986,Camino de los Andes
Cr. 11 # 48K-20 Sur,Provendecia Alta,-74.11720849599999,4.559305187000007,VIS,Abril,Rafael Uribe Uribe,51004,Portal de Molinos III
Cr. 10 # 15-64 Sur,Ciudad Jardin Sur,-74.09249999999997,4.579700000999992,No VIS,Abril,Antonio Nariño,51007,Edificio Jardines 15-64
Cl. 35 Sur # 26-74,Claret,-74.11891972900003,4.585118426000008,No VIS,Abril,Rafael Uribe Uribe,51010,Victoria Place
Cr. 24D # 2-30 Sur,La Fraguita,-74.09836722900002,4.594311226000002,No VIS,Abril,Antonio Nariño,51012,Dimito Park Club Residencial
Cl. 31 Sur # 26D-53,Libertador,-74.11485618400002,4.586262922000003,No VIS,Abril,Rafael Uribe Uribe,51013,Albina Park
Cl. 31 Sur # 26D-53,Libertador,-74.11485618400002,4.586262922000003,VIS,Abril,Rafael Uribe Uribe,51013,Albina Park
Cr. 10 # 8-55 Sur,Ciudad Berna,-74.08929999999998,4.583500000000015,No VIS,Abril,Antonio Nariño,51020,Ten Life
Cr. 24 # 31C-09 Sur,Quiroga,-74.11504023200001,4.583140865000018,No VIS,Abril,Rafael Uribe Uribe,51027,Arandanos Conjunto Residencial
Cr. 29 # 28-49 Sur,Centenario,-74.11325227600003,4.590129504000004,No VIS,Abril,Antonio Nariño,51028,Saloni
Cr. 13 # 9-12 Sur,Ciudad Berna,-74.09273007399997,4.586325357000021,No VIS,Abril,Antonio Nariño,51031,Capital Berna III
Cl. 11 Sur # 10A-08,Ciudad Berna,-74.09108250600002,4.582989053999995,No VIS,Abril,Antonio Nariño,51032,Capital Berna IV
Dg. 31Bis Sur # 26D-36,Centenario,-74.11575665200002,4.587794760000008,No VIS,Abril,Rafael Uribe Uribe,51036,Santa Maria del Progreso
Cl. 29 Sur # 29-03,Centenario,-74.11487107699998,4.589477992000013,No VIS,Abril,Antonio Nariño,51037,Altos 29
Cl. 59 Sur # 60-63,Madelena,-74.156482455,4.587996897999972,VIS,Abril,Ciudad Bolívar,51038,Torres de San Rafael
Cr. 78 # 11C-21,Castilla,-74.13497140800001,4.646942276999994,No VIS,Abril,Kennedy,51045,Bosques de Alsacia III
Dg. 49C Sur # 11-60,Molinos,-74.12053066599998,4.561464759999978,VIS,Abril,Rafael Uribe Uribe,51052,Terrazas de Molinos
Dg. 47 Sur # 12A-01,Molinos,-74.113771267,4.564422760000014,VIS,Abril,Rafael Uribe Uribe,51055,Torres del 20 de Julio
Cl. 101A Sur # 14-05,Monte Blanco,-74.11846732999999,4.496294372000023,VIS,Abril,Usme,51058,Mirador de Bella Flora
Dg. 42C Sur # 24B-10,El Ingles,-74.124947631,4.580537139,No VIS,Abril,Rafael Uribe Uribe,51066,Multifamiliar Familiar Ingles
Cl. 34 Sur # 52G-44,El Ingles,-74.128407385,4.603714169,No VIS,Abril,Puente Aranda,51068,Multifamiliar Alcala
Cl. 18 Sur # 19-70,Santander,-74.10814549000003,4.592522680000002,No VIS,Abril,Antonio Nariño,51074,Sorrento
Cr. 11 Este # 68-61 Sur,Juan Rey,-74.09306943000001,4.528901474999998,VIS,Abril,San Cristóbal,51076,Reserva del Nogal
Av. Cr. 72 # 67-75,Boyaca Real,-74.09874926600003,4.682967915000006,No VIS,Abril,Engativá,55283,Reserva 67
Cr. 123A # 78B-21,Gran Granada,-74.13164464599998,4.723477258999992,No VIS,Abril,Engativá,55300,Parques de San Jerónimo
Cl. 77B # 120A-48,Villas de Granada,-74.132890998,4.72319196799998,No VIS,Abril,Engativá,55301,Oeste
Cr. 87B # 8A-72,El Tintal,-74.14819999999997,4.648800000999984,No VIS,Abril,Kennedy,55338,Castellon de los Condes
Cl. 10B # 81F-20,Castilla,-74.1449,4.640199999999993,No VIS,Abril,Kennedy,55930,Castilla La Nueva I
Cr. 105 # 16I-45,EL Carmen,-74.14932861699998,4.675800310999989,No VIS,Abril,Fontibón,55947,Arrayanes de Fontibón
Cr. 123A # 77B-86,Gran Granada,-74.13164464599998,4.723477258999992,No VIS,Abril,Engativá,55949,Alameda de San Diego
Cr. 80 # 8-45,Castilla,-74.14626503099998,4.642403256000023,No VIS,Abril,Kennedy,55950,Camino de San Gabriel
Cr. 88 # 8F-90,El Tintal,-74.14819999999997,4.648800000999984,No VIS,Abril,Kennedy,55956,Malaga
Cr. 96G # 22M-64,EL Carmen,-74.13503258100002,4.675283396999987,No VIS,Abril,Fontibón,55976,Hayuelos R9
Cl. 6C # 82A-21,Castilla,-74.154231804,4.641658285999995,No VIS,Abril,Kennedy,55981,Cipres de Castilla
Cl. 6C # 82A-91,Castilla,-74.154231804,4.641658285999995,No VIS,Abril,Kennedy,55986,Aralia de Castilla
Cl. 17 # 96-20,Villamar,-74.14030000000002,4.665300000000002,No VIS,Abril,Fontibón,55987,Toscana Torres de Hayuelos
Av. Cr. 86 # 13B-80,Andalucia,-74.140143255,4.654692704000013,No VIS,Abril,Kennedy,55992,Canela
Cl. 25B # 71-80,Ciudad Salitre,-74.111873887,4.664155570999981,No VIS,Abril,Fontibón,56000,Gran Reserva de Oporto
Cr. 88 # 8F-90,El Tintal,-74.14819999999997,4.648800000999984,No VIS,Abril,Kennedy,56003,Paseo de Sevilla
Cr. 86 # 7D-35,El Tintal,-74.14929999999998,4.649299999999982,No VIS,Abril,Kennedy,56019,Castilla Imperial
Av. Cr. 86 # 10-50,Castilla,-74.144815472,4.648877826999978,No VIS,Abril,Kennedy,56023,Casteló Aptos
Cr. 96B # 17B-60,Villamar,-74.13963507099999,4.66805718400002,No VIS,Abril,Fontibón,56024,Hayuelos Park
Av. Cr. 70 # 25-49,Ciudad Salitre,-74.111873887,4.664155570999981,No VIS,Abril,Fontibón,56025,Gran Reserva de Valdivia
Cr. 84 # 77A-40,La Granja,-74.10074927199997,4.699510111999984,VIS,Abril,Engativá,56041,Eka Apartaestudios
Av. Cl. 13 # 68F-25,Alsacia,-74.124839254,4.639033519000009,No VIS,Abril,Kennedy,56049,La Rioja Alsacia Reservado
Av. Cr. 72 # 24C-00,Modelia,-74.1148,4.663099999999986,No VIS,Abril,Fontibón,56050,Moncalieri
Cl. 42G Sur # 74-30,Timiza,-74.158339205,4.611241145999998,VIS,Abril,Kennedy,56054,Torres de Timiza
Cr. 68 # 5-21,Trinidad Galan,-74.12483184400003,4.626984505999985,No VIS,Abril,Kennedy,56055,Porto Américas
Cl. 24 # 68B-85,Ciudad Salitre,-74.11025065799998,4.652093315999991,No VIS,Abril,Fontibón,56062,Avatar
Cl. 59C Sur # 88H-15,Bosa la Libertad,-74.19239805500001,4.626117642999986,VIS,Abril,Bosa,56066,Atalaia
Cl. 2 # 93D-54,Tierra Buena,-74.170449029,4.652088868000021,VIS,Abril,Kennedy,56073,Parque Central Tintal III
Av. Cr. 72 # 72-15,Santa Maria del Lago,-74.09504914299998,4.688097501000016,No VIS,Abril,Engativá,56074,Allegro Reservado
Cl. 72F # 114A-71,Villas de Granada,-74.12799999999999,4.715199999999982,No VIS,Abril,Engativá,56076,Sabana de los Cerezos
Cr. 88 # 8F-90,El Tintal,-74.14819999999997,4.648800000999984,No VIS,Abril,Kennedy,56084,Aragón Castilla Reservado
Av. Cl. 13 # 68F-25,Alsacia,-74.124839254,4.639033519000009,No VIS,Abril,Kennedy,56086,La Ribera Alsacia Reservado
Cl. 77B # 129-70,El Porvenir,-74.12299999999999,4.720000001000017,No VIS,Abril,Engativá,56091,Ciud. Parque Ctral de Occidente III
Cr. 88 # 8F-90,El Tintal,-74.14819999999997,4.648800000999984,No VIS,Abril,Kennedy,56093,Burgos Castilla Reservado
Cl. 13A # 82B-31,Villas Alsacia,-74.14072624599999,4.652807979999977,No VIS,Abril,Kennedy,56095,Pinares de Alsacia
Cl. 59B Sur # 86A-15,Bosa la Libertad,-74.217723869,4.620616385000005,VIS,Abril,Bosa,56102,Urb. Torres Altamira
Cl. 24 # 86-08,Modelia,-74.12540000000001,4.672300000000007,No VIS,Abril,Fontibón,56106,Reserva de Modelia
Cr. 45A # 91-56,Castellana,-74.06018784899999,4.678648167999995,No VIS,Abril,Barrios Unidos,56111,Paralela 91
Cl. 17DBis # 123A-05,Fontibon,-74.15827730500001,4.688512089000028,VIS,Abril,Fontibón,56113,Aragón
Cr. 7 # 31A-56,San Martin,-74.06453350200002,4.642001424,No VIS,Abril,Chapinero,56116,Equilibrium 2
Av. Cl. 80 # 116B-100,Gran Granada,-74.124788857,4.722915236999995,No VIS,Abril,Engativá,56120,Brisas de Granada II
Dg. 82G # 75-41,Minuto,-74.09309337399998,4.704410178999979,No VIS,Abril,Engativá,56121,Elite Minuto
Cr. 116 # 77B-35,Villas de Granada,-74.124788857,4.722915236999995,No VIS,Abril,Engativá,56122,Altos de Granada
Dg. 77B # 123-20,Villas de Granada,-74.12130000000002,4.721400000000017,No VIS,Abril,Engativá,56123,Ciprés de la Florida
Av. Cl. 17 # 72-85,El Vergel,-74.13080188200001,4.651305820999994,No VIS,Abril,Fontibón,56125,Zentral Parque Residencial
Cl. 52 # 17-28,Teusaquillo,-74.06977906399999,4.640159453000024,No VIS,Abril,Teusaquillo,56131,K52
Cr. 93 # 54-28 Sur,Bosa Porvenir,-74.186894671,4.634617939000009,VIS,Abril,Bosa,56135,Valenti
Dg. 77B # 124-40,Villas de Granada,-74.13274363099998,4.71963150800002,No VIS,Abril,Engativá,56136,Reserva de Granada IV
Cl. 33 # 6-37,Centro,-74.066461817,4.618987628000014,No VIS,Abril,Santa Fe,56137,Urban
Cr. 35Bis # 60-45,Nicolas de Federman,-74.07929999999999,4.650800000999993,No VIS,Abril,Teusaquillo,56139,Edificio Rumiraky
Av. Cr. 68 # 19-52,Puente Aranda,-74.1112,4.644099998999991,No VIS,Abril,Puente Aranda,56140,Urban Salitre - Zurich
Cl. 17 # 135-20,Florencia,-74.1676,4.693299998999976,VIS,Abril,Fontibón,56141,Mirador de Fontibón
Cl. 17 # 110-68,Fontibon,-74.1515,4.679500001000008,VIP,Abril,Fontibón,56142,Altana
Cl. 17 # 110-68,Fontibon,-74.1515,4.679500001000008,No VIS,Abril,Fontibón,56142,Altana
Cr. 96B # 18-31,Villamar,-74.13920000000002,4.668700000000001,No VIS,Abril,Fontibón,56143,Tintoretto
Av. Cl. 17 # 72-85,El Vergel,-74.13080188200001,4.651305820999994,No VIS,Abril,Fontibón,56144,Zentral - Zajari
Cr. 26 # 49-49,Palermo,-74.07611911499998,4.638661085000024,No VIS,Abril,Teusaquillo,56145,Mitre 49
Cr. 60D # 90-04,Mendiguaca,-74.06908607899999,4.68264128200002,No VIS,Abril,Barrios Unidos,56146,Udara Entre Parques
Cr. 36A # 61-26,Nicolas de Federman,-74.08063157700002,4.651305541999989,No VIS,Abril,Teusaquillo,56147,36 Avenida
Cr. 72 # 21-11,La Felicidad,-74.126310558,4.656267488000026,No VIS,Abril,Fontibón,56157,La Felicidad - La Reserva
Cr. 72 # 21-11,La Felicidad,-74.126310558,4.656267488000026,No VIS,Abril,Fontibón,56158,La Felicidad - Los Pinos
Cr. 72 # 21-11,La Felicidad,-74.126310558,4.656267488000026,No VIS,Abril,Fontibón,56159,La Felicidad - Los Cerros
Cr. 72 # 21-11,La Felicidad,-74.126310558,4.656267488000026,No VIS,Abril,Fontibón,56160,La Felicidad - La Cima
Cl. 70ABis # 121A-04,Engativa,-74.13650594299997,4.717720281000027,VIS,Abril,Engativá,56165,Mirador del Jaboque
Cr. 18 # 15-20,,-74.082103114,4.607952205000004,No VIS,Abril,Los Mártires,56167,Torre Estacion
Cr. 18 # 14-04,,-74.08241737600002,4.607388544000003,No VIS,Abril,Los Mártires,56168,Sabana Central
Av. Cl. 26 # 82-54,Modelia,-74.11585330000003,4.675467185000002,No VIS,Abril,Engativá,56169,Cantabria
Cr. 5 # 32-89,San Martin,-74.065858585,4.618647129999999,No VIS,Abril,Santa Fe,56170,Tekto Museo
Cr. 16 # 58A-31,Galerias,-74.06783069800002,4.64595370699999,No VIS,Abril,Teusaquillo,56172,Tivoli
Cl. 23A # 96J-19,Fontibon,-74.13625580000001,4.676809898999977,No VIS,Abril,Fontibón,56179,Balzani
Cl. 79 # 76-31,Minuto de Dios,-74.09425871399998,4.697210895000012,No VIS,Abril,Engativá,56182,Portal Reservado
Cr. 1 # 8-20,La Candelaria,-74.07138030599998,4.592347330999985,No VIS,Abril,La Candelaria,56188,Edificio La Primera Candelaria
Cr. 15 # 49-51,Palermo,-74.068094486,4.637146104999999,No VIS,Abril,Teusaquillo,56190,KD Marly
Av. Cl. 26 # 70A-25,Ciudad Salitre,-74.11169999999998,4.665399999999977,No VIS,Abril,Fontibón,56195,Vissani Aptos
Cr. 81 # 77A-25,La Granja,-74.098344397,4.699154147999991,No VIS,Abril,Engativá,56196,Keisha
Cr. 25 # 24C-21,Centro,-74.07760000000002,4.621600000000001,No VIS,Abril,Los Mártires,56197,Cyan 26
Cl. 54 # 10-25,Chapinero Alto,-74.06431476099999,4.640405686999998,No VIS,Abril,Chapinero,56198,Smart Living
Cl. 79A # 90-29,Primavera Norte,-74.10500771699998,4.705486287999975,No VIS,Abril,Engativá,56203,Andora 80
Cl. 25B # 70B-70,Ciudad Salitre,-74.111873887,4.664155570999981,No VIS,Abril,Fontibón,56210,Gran Reserva de Mallorca
Cl. 18 # 4-22,Las Aguas,-74.07159887300003,4.602764276000016,No VIS,Abril,Santa Fe,56211,Torre Ventto
Cr. 35A # 60-58,Nicolas de Federman,-74.08210000000003,4.650800000999993,No VIS,Abril,Teusaquillo,56212,Juan Pablo
Cr. 22A # 82-19,Polo Club,-74.06240344899999,4.670041330000004,No VIS,Abril,Barrios Unidos,56216,Edificio Praia
Cl. 19 # 96B-39,Villa Mar,-74.13969394200001,4.668937985000014,No VIS,Abril,Fontibón,90100,Asha 96
Cr. 18 # 140-34,Cedritos,-74.04468835099999,4.723227932999976,No VIS,Abril,Usaquén,90251,Montello
Cr. 7A # 146-89,Cedritos,-74.02717517399998,4.722597697000026,No VIS,Abril,Usaquén,90252,Menta
Cr. 70C # 52-96,Normandia,-74.10467042900001,4.668328335000012,No VIS,Abril,Engativá,90253,Mirador del Jardín
Cl. 127D # 71-43,Niza,-74.07613257000003,4.713037168000028,No VIS,Abril,Suba,90254,Senderos de Niza
Cl. 129 # 56C-02,Iberia,-74.06634998700002,4.717246203999991,No VIS,Abril,Suba,90256,Renacer 129
Cl. 132A # 72-60,Gratamira,-74.07417717700002,4.726077622999981,No VIS,Abril,Suba,90257,Illium
Cl. 94 # 68D-26,Julio Flores,-74.07817387099999,4.688025380999989,No VIS,Abril,Suba,90258,Sorreto 94
Av. Cr. 86 # 10A-42,Castilla,-74.144815472,4.648877826999978,VIS,Abril,Kennedy,90260,Castilla Urbana
Cr. 63 # 103-65,Andes,-74.06702590200001,4.691325893999988,No VIS,Abril,Suba,90261,Mattiz 103
Cl. 128C # 55B-81,Prado Jardin,-74.06530345499999,4.715832867000017,No VIS,Abril,Suba,90262,Prado Reservado
Cl. 144 # 19A-09,Cedritos,-74.04705125599997,4.72571603099999,No VIS,Abril,Usaquén,90263,Artio 144
Dg. 128BBis # 56B-42,Iberia,-74.066341266,4.716268779000018,No VIS,Abril,Suba,90265,Altos del Prado
Cr. 50 # 144-56,Prado Pinzón,-74.05369377900001,4.727748615999985,No VIS,Abril,Suba,90266,Prado 144
Cl. 140 # 19A-36,Cedritos,-74.04769330699997,4.723790708000024,No VIS,Abril,Usaquén,90268,Ubik 140
Cr. 49 # 165-73,Granada Norte,-74.05030321800001,4.747257776000026,No VIS,Abril,Suba,90269,Palau 165
Cr. 23 # 142-52,Cedritos,-74.049463742,4.725440696000021,No VIS,Abril,Usaquén,90270,Ed. Bilbao
Cl. 136 # 50-43,Spring,-74.05598114999998,4.722836519999987,No VIS,Abril,Suba,90271,San Sebastián
Cl. 144 # 52-43,Prado Pinzón,-74.05528786600001,4.727276511000014,VIS,Abril,Suba,90272,Portal del Prado
Cl. 149 # 12D-44,Cedritos,-74.036348417,4.728721037000014,No VIS,Abril,Usaquén,90273,La Zarzamora
Cl. 144 # 19A-06,Cedritos,-74.046963893,4.726131384999974,No VIS,Abril,Usaquén,90275,Jerez Aptos
Dg. 24C # 68-01,Salitre,-74.10635538499997,4.651270199999999,No VIS,Abril,Fontibón,90277,Rodin
Av. Cr. 68 # 19-52,Puente Aranda,-74.111080189,4.643194836000021,No VIS,Abril,Puente Aranda,90278,Urban Salitre - Praga
Cl. 143 # 16-37,Cedritos,-74.04254182300002,4.72428458600001,No VIS,Abril,Usaquén,90283,Tramonto
Cr. 82 # 22F-04,Modelia,-74.12626350400001,4.665835515000026,No VIS,Abril,Fontibón,90284,Edificio Verona
Av. Cl. 13 # 68F-25,Alsacia,-74.124839254,4.639033519000009,No VIS,Abril,Kennedy,90286,La Terra
Cl. 176 # 58-Esq.,Villa del Prado,-74.05248961799998,4.757428258999994,VIS,Abril,Suba,90287,Prado Park
Cl. 165 # 56A-45,Cantalejo,-74.05851911100001,4.747222383999997,No VIS,Abril,Suba,90288,Parque 165
Cr. 58C # 128A-44,Las Villas,-74.071468213,4.715736092999975,No VIS,Abril,Suba,90289,Villas del Parque
Cl. 128A # 51A-48,Niza,-74.071171408,4.715635668999994,No VIS,Abril,Suba,90290,Imbituba Aptos
Cr. 99 # 156D-03,El Salitre,-74.08606986699999,4.756310403999976,VIS,Abril,Suba,90291,Zuri
Cl. 138 # 49-42,Prado Pinzón,-74.05442635700001,4.724783627000022,No VIS,Abril,Suba,90292,Parque 138
Cl. 176 # 52-05,Villa del Prado,-74.05042504800002,4.757529652000016,No VIS,Abril,Suba,90293,Entre Verde Club
Cl. 176 # 52-05,Villa del Prado,-74.05042504800002,4.757529652000016,VIS,Abril,Suba,90293,Entre Verde Club
Cl. 183 # 8D-25,San Antonio,-74.03072199299999,4.761060880000002,VIS,Abril,Usaquén,90294,Edificio Uno 83
Cr. 94B # 130D-50,Costa Rica,-74.090785987,4.729867994000017,No VIS,Abril,Suba,90295,Costa Rica Aptos
Cl. 153 # 116,Las Mercedes,-74.10066599999999,4.758878999999979,VIS,Abril,Suba,90297,Camino Verde
Cl. 149 # 48-53,Victoria Norte,-74.05252056900002,4.731378012999983,No VIS,Abril,Suba,90298,Balcones de Palo Alto
Cr. 96G Bis # 19-74,Villemar,-74.140165131,4.671596733000001,No VIS,Abril,Fontibón,90300,Reservas de Villemar
Cr. 78 # 11C-58,Castilla,-74.13497100000001,4.646942000000024,VIS,Abril,Kennedy,90302,Pratto
Cl. 22 # 96-82,Hayuelos,-74.13404300000002,4.67150700000002,No VIS,Abril,Fontibón,90303,Steel 22
Cr. 72 # 21-11,La Felicidad,-74.121599,4.653899000000024,No VIS,Abril,Fontibón,90305,La Felicidad - La Bahia
Cr. 72 # 21-11,La Felicidad,-74.121599,4.653899000000024,No VIS,Abril,Fontibón,90306,La Felicidad - La Isla
Cr. 72 # 21-11,La Felicidad,-74.121599,4.653899000000024,No VIS,Abril,Fontibón,90308,La Felicidad - El Roble
Tv. 53D # 129-50,Prado Veraniego,-74.060159,4.717739999999992,No VIS,Abril,Suba,90309,Nueva Colina - DC Home
Cl. 168B # 19B-08,Toberín,-74.04217499999999,4.748430999999982,VIS,Abril,Usaquén,90310,Torem
Cl. 235 # 52 - 50,Lagos de Torca,-74.04510900000002,4.813073999999972,VIS,Abril,Suba,90311,Hacienda el Bosque - Roble
Cl. 235 # 52 - 50,Lagos de Torca,-74.04510900000002,4.813073999999972,VIS,Abril,Suba,90312,Hacienda el Bosque - Guayacan
Cl. 201 # 49 - 33,Lagos de Torca,-74.048315,4.777715000000001,No VIS,Abril,Suba,90315,Hacienda el Otoño - Orquidea
Cl. 201 # 49 - 33,Lagos de Torca,-74.048315,4.777715000000001,No VIS,Abril,Suba,90316,Hacienda el Otoño - Cerezo
Cl. 235 # 52 - 50,Lagos de Torca,-74.04510900000002,4.813073999999972,VIP,Abril,Suba,90320,Hacienda el Bosque - Guayacan Vip
Cr. 54A # 167A-60,Granada Norte,-74.05369445100001,4.750410224999996,No VIS,Abril,Suba,90321,Torre Guayacán
Cl. 193 # 7-49,Maranta,-74.02773295499998,4.769651979000002,No VIS,Abril,Usaquén,90322,Abby 193
Cl. 193 # 7-49,Maranta,-74.02773295499998,4.769651979000002,VIS,Abril,Usaquén,90322,Abby 193
Cr. 16 # 143-79,Cedritos,-74.04225241699999,4.725356916999999,No VIS,Abril,Usaquén,90323,Confort 143
Cl. 235 # 52-50,Lagos de Torca,-74.04508935400003,4.813071252999976,No VIS,Abril,Suba,90324,Hacienda el Bosque - Cedro
Cl. 235 # 52-50,Lagos de Torca,-74.04508935400003,4.813071252999976,No VIS,Abril,Suba,90325,Hacienda el Bosque - Nogal
Cr. 58 # 151-31,Colina Campestre,-74.063296965,4.735310939999977,No VIS,Abril,Suba,90326,Luar
Cl. 170 con Cr. 9,Alameda,-74.03432293499998,4.75273322999999,No VIS,Abril,Usaquén,90327,Ciudad La Salle - Montpellier
Cl. 150 # 50-12,Sotavento,-74.05304516400003,4.732676836999985,VIS,Abril,Suba,90328,Park Living - Vis
Cr. 13 Este # 66-15 Sur,Juan Rey,-74.089679811,4.525320564000026,VIS,Abril,San Cristóbal,407013,Mirador del Virrey II
Cl. 4 Sur # 18-35,San Antonio,-74.09500998499999,4.591067853000027,No VIS,Abril,Antonio Nariño,407018,Ed. San Antonio
Cl. 34 Sur # 52-44,El Ingles,-74.12852958000002,4.603593951999983,No VIS,Abril,Puente Aranda,407024,Mult. Alcala II
Cr. 24G # 14-44 Sur,Restrepo Occidental,-74.10263615500003,4.591006268000001,No VIS,Abril,Antonio Nariño,407029,Vilanova IV
Cl. 28 Sur # 12-20 Este,San Cristobal Sur,-74.07978311599999,4.562310686999979,VIS,Abril,San Cristóbal,407032,Reserva del Turpial
Cr. 7 0 # 7-24 Sur,Villa Javier,-74.08476264699999,4.581445524999992,No VIS,Abril,San Cristóbal,407035,Balcones de Oriente II
Cl. 31 Sur # 9-03 Este,Ramajal,-74.08335842999998,4.556260979000001,VIS,Abril,San Cristóbal,407041,Buenos Aires
Cl. 42Bis Sur # 12C-04,San Jorge,-74.11346614399997,4.567659305000006,VIS,Abril,Rafael Uribe Uribe,407042,Alameda de San Jorge
Cr. 37 # 68C-61 Sur,Candelaria la Nueva,-74.153838366,4.568554192000022,VIS,Abril,Ciudad Bolívar,407043,Atacama
Cr. 2 Este # 79-01 Sur,Yomasa,-74.10504848599999,4.510648479999986,VIP,Abril,Usme,407044,Senderos de la Sierra Vip
Cr. 2C Este # 61-17 Sur,La Fiscala,-74.109855778,4.53621622899999,VIS,Abril,Usme,407057,Edificio Thoor
Cl. 11 Sur # 1A-09,San Cristobal,-74.082114063,4.574743323000007,No VIS,Abril,San Cristóbal,407058,Santa Ana II
Cl. 11 Sur # 7-49,San Javier,-74.08721181700002,4.579104391999976,No VIS,Abril,San Cristóbal,407059,Santa Ana I
Cr. 10 # 19-33 Sur,Ciudad Jardin,-74.09449779699997,4.576440417000015,No VIS,Abril,Antonio Nariño,407061,Edificio Toledo
Cr. 24B # 13-27 Sur,Restrepo,-74.10115293000001,4.589139639999985,No VIS,Abril,Antonio Nariño,407062,Balcones de la Valvanera
Cl. 31 Sur # 27-34,Eduardo Frey,-74.11524140300003,4.589019152999981,No VIS,Abril,Antonio Nariño,407064,Edificio Marcela
Cr. 50B # 37A-21 Sur,Muzu,-74.12650478299997,4.598292674999982,No VIS,Abril,Puente Aranda,407065,Senderos del Río
Cl. 37 Sur # 51-50,Muzu,-74.12704125900001,4.600113476999979,No VIS,Abril,Puente Aranda,407066,Trezano
Cl. 31Bis Sur # 26D-06,Matatigres,-74.11550103000002,4.587497754000026,No VIS,Abril,Rafael Uribe Uribe,407067,Torre Riovista
Cl. 10 Sur # 15-36,San Antonio,-74.09527471400003,4.588154830999997,No VIS,Abril,Antonio Nariño,407073,Ed. Jans III
Cl. 26 Sur # 20-28,Olaya,-74.10707295700001,4.582591571000023,No VIS,Abril,Rafael Uribe Uribe,407076,Solario del Parque
Cl. 26 Sur # 20-28,Olaya,-74.10707295700001,4.582591571000023,VIS,Abril,Rafael Uribe Uribe,407076,Solario del Parque
Cl. 60A Sur # 73-40,Galicia,-74.169485694,4.592116318000024,VIS,Abril,Ciudad Bolívar,407084,Bilbao Aptos
Cl. 36A Sur # 10B-40 Este,Ramajal,-74.08279377399998,4.555420593000008,VIS,Abril,San Cristóbal,407085,Mirador de la Reserva
Cr. 2Este # 6C-22 Sur,Buenos Aires,-74.07895192299998,4.577420062999977,VIS,Abril,San Cristóbal,407089,Torres del Este Aptos.
Cr. 8 # 22B-52 Sur,20 de Julio,-74.094148959,4.572865062000005,No VIS,Abril,San Cristóbal,407092,Ed. Manantial
Cl. 39 Sur # 36-50,Ingles,-74.12480463999998,4.594028928,VIS,Abril,Puente Aranda,407093,Ed. Liverpool
Cl. 47A Sur # 29-38,Claret,-74.130362698,4.584469628000022,No VIS,Abril,Rafael Uribe Uribe,407094,Claret Real II
Cr. 24 # 35A-49 Sur,Quiroga,-74.11853994299997,4.581871803000013,No VIS,Abril,Rafael Uribe Uribe,407095,Ed. Quiroga
Cl. 35 Sur # 52-82,Alcala,-74.129036117,4.603469867000001,No VIS,Abril,Puente Aranda,407096,Domus 35-S
Cl. 70 Sur # 11C-60 Este,Juan Rey,-74.09203627099998,4.524558409999997,VIS,Abril,San Cristóbal,407097,Poblado de Juan Rey 7
Cl. 73A Sur # 13C-42 Este,Juan Rey,-74.09164820299998,4.518234102999998,VIS,Abril,San Cristóbal,407098,Juan Rey 74
Cr. 27 # 16-80 sur,La Fragua,-74.10626500000001,4.591629000000012,No VIS,Abril,Antonio Nariño,407101,Ed. Tobon
Cr. 26A # 23-06 Sur,Centenario,-74.10939200000001,4.588434000000007,No VIS,Abril,Rafael Uribe Uribe,407102,Ed. Santander
Cl. 69 Sur # 17C-18,Lucero Bajo,-74.13876800000003,4.548746999999992,VIS,Abril,Ciudad Bolívar,407103,Corales Aptos
Cr. 14 Con Cl. 120 Sur,Usme,-74.11601200000001,4.483998999999983,VIP,Abril,Usme,407108,Ciudad Tres Quebradas La Requilina
Cr. 14 Con Cl. 120 Sur,Usme,-74.11601200000001,4.483998999999983,VIP,Abril,Usme,407109,Ciudad Tres Quebradas La Lajita
Cr. 25A # 44-72 Sur,Claret,-74.12683500000003,4.580723999999975,No VIS,Abril,Rafael Uribe Uribe,407111,Mult. Santa Lucia
Cr. 1 # 54F-50 Sur,Palermo,-74.110456,4.539603999999997,VIS,Abril,Usme,407112,Aires de Palermo
Cr. 14 con Cl. 120 Sur,Usme,-74.11601187399998,4.483999370999982,VIS,Abril,Usme,407115,"Ciudad Tres Quebradas ""La Cabrera"""
Cr. 14 Con Cl. 120 Sur,Usme,-74.11601187399998,4.483999370999982,VIS,Abril,Usme,407116,"Ciudad Tres Quebradas ""La Cristalina"""
Cl. 7 Sur # 6-54,Calvo Sur,-74.08426433,4.581902397000022,VIS,Abril,San Cristóbal,407117,Monserrat Aptos
Cr. 7 # 9A-41 Sur,San Javier,-74.086278074,4.580199407000009,VIS,Abril,San Cristóbal,407118,Trentto Central
Cr. 7 # 6-15 Sur,Calvo Sur,-74.08457805199998,4.582396764000009,No VIS,Abril,San Cristóbal,407123,Ed. Ludwyg
Cl. 36 Sur # 51D-53,El Tejar,-74.12855075800002,4.601915764000012,No VIS,Abril,Puente Aranda,407124,Ed. Alcala
Tv. 35 # 27B-21 Sur,Los Sauces,-74.11558958900002,4.59582268600002,No VIS,Abril,Puente Aranda,407125,Ed. Ebenezzer
Av. Cr. 70C # 57R-75 Sur,Perdomo,-74.16226561299999,4.593080907000001,VIS,Abril,Ciudad Bolívar,407128,Estancia 70
Km. 1 Via-Guaymaral,Guaymaral,-74.06345299999998,4.845452000000023,No VIS,Abril,Suba,500207,Robles de Guaymaral
